Carmel Valley Village,California,Monterey County
Cambria,California,San Luis Obispo County
Port Angeles,Washington,Clallam County
Port Angeles,Washington,Clallam County
Warrenton,Oregon,Clatsop County
Seaside,Oregon,Clatsop County
Half Moon Bay,California,San Mateo County
Half Moon Bay,California,San Mateo County
Bonny Doon,California,Santa Cruz County
Castroville,California,Monterey County
Castroville,California,Monterey County
Castroville,California,Monterey County
Marina,California,Monterey County
Marina,California,Monterey County
Marina,California,Monterey County
Marina,California,Monterey County
Seaside,California,Monterey County
Seaside,California,Monterey County
Monterey,California,Monterey County
Seaside,California,Monterey County
Carmel-by-the-Sea,California,Monterey County
Daly City,California,San Mateo County
Daly City,California,San Mateo County
Daly City,California,San Mateo County
Daly City,California,San Mateo County
Broadmoor,California,San Mateo County
Broadmoor,California,San Mateo County
Warrenton,Oregon,Clatsop County
Warrenton,Oregon,Clatsop County
Gearhart,Oregon,Clatsop County
Warrenton,Oregon,Clatsop County
Warrenton,Oregon,Clatsop County
Port Angeles,Washington,Clallam County
Port Angeles,Washington,Clallam County
Port Angeles,Washington,Clallam County
Port Angeles,Washington,Clallam County
Port Angeles,Washington,Clallam County
Port Angeles,Washington,Clallam County
Isla Vista,California,Santa Barbara County
Isla Vista,California,Santa Barbara County
Toro Canyon,California,Santa Barbara County
Toro Canyon,California,Santa Barbara County
Carpinteria,California,Santa Barbara County
Carpinteria,California,Santa Barbara County
Carpinteria,California,Santa Barbara County
Carpinteria,California,Santa Barbara County
Ventura,California,Ventura County
Ventura,California,Ventura County
Ventura,California,Ventura County
Ventura,California,Ventura County
Oxnard Shores,California,Ventura County
Channel Islands Beach,California,Ventura County
Port Hueneme,California,Ventura County
Port Hueneme,California,Ventura County
Laguna Vista,Texas,Cameron County
Rio Hondo,Texas,Cameron County
Raymondville,Texas,Willacy County
Sarita,Texas,Kenedy County
Sarita,Texas,Kenedy County
Fulton,Texas,Aransas County
Seadrift,Texas,Calhoun County
Bridge City,Texas,Orange County
Hackberry,Louisiana,Cameron Parish
Dulac,Louisiana,Terrebonne Parish
Dulac,Louisiana,Terrebonne Parish
Dulac,Louisiana,Terrebonne Parish
Dulac,Louisiana,Terrebonne Parish
Chauvin,Louisiana,Terrebonne Parish
Port Sulphur,Louisiana,Plaquemines Parish
Port Sulphur,Louisiana,Plaquemines Parish
Port Sulphur,Louisiana,Plaquemines Parish
Port Sulphur,Louisiana,Plaquemines Parish
Port Sulphur,Louisiana,Plaquemines Parish
Port Sulphur,Louisiana,Plaquemines Parish
Biloxi,Mississippi,Harrison County
Biloxi,Mississippi,Harrison County
Biloxi,Mississippi,Harrison County
Gulfport,Mississippi,Harrison County
Pass Christian,Mississippi,Harrison County
Port Sulphur,Louisiana,Plaquemines Parish
Biloxi,Mississippi,Harrison County
Gulf Park Estates,Mississippi,Jackson County
Pascagoula,Mississippi,Jackson County
Bayou La Batre,Alabama,Mobile County
Dauphin Island,Alabama,Mobile County
Dauphin Island,Alabama,Mobile County
Gulf Shores,Alabama,Baldwin County
Orange Beach,Alabama,Baldwin County
Crawfordville,Florida,Wakulla County
Crawfordville,Florida,Wakulla County
Crawfordville,Florida,Wakulla County
Crawfordville,Florida,Wakulla County
Woodville,Florida,Leon County
Woodville,Florida,Leon County
Longboat Key,Florida,Manatee County
Holmes Beach,Florida,Manatee County
Anna Maria,Florida,Manatee County
Tierra Verde,Florida,Pinellas County
Saint Pete Beach,Florida,Pinellas County
Treasure Island,Florida,Pinellas County
Redington Beach,Florida,Pinellas County
Indian Shores,Florida,Pinellas County
North Key Largo,Florida,Monroe County
Lakes by the Bay,Florida,Miami-Dade County
North Key Largo,Florida,Monroe County
Tequesta,Florida,Palm Beach County
Hobe Sound,Florida,Martin County
Wabasso Beach,Florida,Indian River County
Sebastian,Florida,Indian River County
Micco,Florida,Brevard County
Oak Hill,Florida,Volusia County
Oak Hill,Florida,Volusia County
Oak Hill,Florida,Volusia County
Mims,Florida,Brevard County
Merritt Island,Florida,Brevard County
Merritt Island,Florida,Brevard County
Merritt Island,Florida,Brevard County
Isle of Palms,South Carolina,Charleston County
Awendaw,South Carolina,Charleston County
Awendaw,South Carolina,Charleston County
Awendaw,South Carolina,Charleston County
Awendaw,South Carolina,Charleston County
Georgetown,South Carolina,Georgetown County
Harkers Island,North Carolina,Carteret County
Harkers Island,North Carolina,Carteret County
Harkers Island,North Carolina,Carteret County
Harkers Island,North Carolina,Carteret County
Harkers Island,North Carolina,Carteret County
Swanquarter,North Carolina,Hyde County
Swanquarter,North Carolina,Hyde County
Swanquarter,North Carolina,Hyde County
Harkers Island,North Carolina,Carteret County
Harkers Island,North Carolina,Carteret County
Buxton,North Carolina,Dare County
Buxton,North Carolina,Dare County
Buxton,North Carolina,Dare County
Buxton,North Carolina,Dare County
Buxton,North Carolina,Dare County
Buxton,North Carolina,Dare County
Buxton,North Carolina,Dare County
Buxton,North Carolina,Dare County
Buxton,North Carolina,Dare County
Wanchese,North Carolina,Dare County
Wanchese,North Carolina,Dare County
Wanchese,North Carolina,Dare County
Wanchese,North Carolina,Dare County
Wanchese,North Carolina,Dare County
Nags Head,North Carolina,Dare County
Nags Head,North Carolina,Dare County
Kitty Hawk,North Carolina,Dare County
Southern Shores,North Carolina,Dare County
Southern Shores,North Carolina,Dare County
Southern Shores,North Carolina,Dare County
Currituck,North Carolina,Currituck County
Currituck,North Carolina,Currituck County
Currituck,North Carolina,Currituck County
Chincoteague,Virginia,Accomack County
Chincoteague,Virginia,Accomack County
Chincoteague,Virginia,Accomack County
Chincoteague,Virginia,Accomack County
Snow Hill,Maryland,Worcester County
Berlin,Maryland,Worcester County
Berlin,Maryland,Worcester County
West Ocean City,Maryland,Worcester County
West Ocean City,Maryland,Worcester County
West Ocean City,Maryland,Worcester County
Atlantic City,New Jersey,Atlantic County
Brigantine,New Jersey,Atlantic County
Brigantine,New Jersey,Atlantic County
Beach Haven,New Jersey,Ocean County
Highlands,New Jersey,Monmouth County
North Middletown,New Jersey,Monmouth County
Port Monmouth,New Jersey,Monmouth County
Atlantic Highlands,New Jersey,Monmouth County
Highlands,New Jersey,Monmouth County
Coney Island,New York,Kings County
Coney Island,New York,Kings County
East New York,New York,Kings County
Babylon,New York,Suffolk County
West Bay Shore,New York,Suffolk County
Bellport,New York,Suffolk County
Great River,New York,Suffolk County
Great River,New York,Suffolk County
West Sayville,New York,Suffolk County
Bayport,New York,Suffolk County
Bellport,New York,Suffolk County
Center Moriches,New York,Suffolk County
Mastic Beach,New York,Suffolk County
Mastic Beach,New York,Suffolk County
Sandwich,Massachusetts,Barnstable County
East Sandwich,Massachusetts,Barnstable County
West Barnstable,Massachusetts,Barnstable County
Barnstable,Massachusetts,Barnstable County
Provincetown,Massachusetts,Barnstable County
Provincetown,Massachusetts,Barnstable County
Truro,Massachusetts,Barnstable County
Truro,Massachusetts,Barnstable County
Wellfleet,Massachusetts,Barnstable County
Wellfleet,Massachusetts,Barnstable County
North Eastham,Massachusetts,Barnstable County
North Eastham,Massachusetts,Barnstable County
North Eastham,Massachusetts,Barnstable County
Eastham,Massachusetts,Barnstable County
Eastham,Massachusetts,Barnstable County
Ipswich,Massachusetts,Essex County
Newburyport,Massachusetts,Essex County
Rowley,Massachusetts,Essex County
Ipswich,Massachusetts,Essex County
Old Orchard Beach,Maine,York County
Old Orchard Beach,Maine,York County
Scarborough,Maine,Cumberland County
Old Orchard Beach,Maine,York County
Old Orchard Beach,Maine,York County
Old Orchard Beach,Maine,York County
Old Orchard Beach,Maine,York County
Old Orchard Beach,Maine,York County
Lake Station,Indiana,Lake County
Porter,Indiana,Porter County
Michigan City,Indiana,LaPorte County
Long Beach,Indiana,LaPorte County
Frankfort,Michigan,Benzie County
Beulah,Michigan,Benzie County
Beulah,Michigan,Benzie County
Beulah,Michigan,Benzie County
Leland,Michigan,Leelanau County
Leland,Michigan,Leelanau County
